{"cameraMode":{"drawMode":0,"name":"Shaded","section":"Shading Mode"},"sceneLighting":false,"audioPlay":false,"sceneViewState":{"showFog":true,"showMaterialUpdate":true,"showSkybox":false,"showFlares":true,"showImageEffects":true,"showParticleSystems":true},"in2DMode":false,"pivot":{"x":-1.309999942779541,"y":0.4099999666213989,"z":5.110000133514404},"rotation":{"x":-0.5186357498168945,"y":-0.07341741770505905,"z":0.04476094990968704,"w":-0.8506611585617065},"size":0.4330126941204071,"orthographic":false}